,496,2236,384,1833,869,3159,1062,3028,2844,388,415,615,418,419,3179,366,1405,426,1594,416,2439,2285,2875,1387,3469,531,371,2860,398,1103,420,1851,493,695,707,2851,923,3317,2830,2428,654,1133,3320,3214,1386,3508,3318,2417,3468,2827,3283
anterioFrontalCC,0.6329621297899386,0.5688566453258146,0.6267079621501082,0.5869301034503961,0.647476483284777,0.5582719298628336,0.6110700080473306,0.6136661225033176,0.5967237982997704,0.5924037943953341,0.6107155174251406,0.6535200742501961,0.5955767408958937,0.5916015102924789,0.6404396351382418,0.6632987234825829,0.6021918488855166,0.6354845948519395,0.603553214570411,0.6954528674343122,0.6384234090469074,0.5419688189980336,0.5856456393117259,0.580349040243868,0.5682867706227095,0.6389691145292684,0.6646243948270836,0.5942289120020405,0.6076369351996378,0.6245156027556987,0.627354878911972,0.5958402405692611,0.6327363694413513,0.6325608137324715,0.6041324699417803,0.5675746376639093,0.6539064642999809,0.6212350004611514,0.5708414826594947,0.5931557071979714,0.5984749135576489,0.6184501103941689,0.5221830729265464,0.5724709224164996,0.5931350653265427,0.5642485361733833,0.5582801124146032,0.5788144918500631,0.5609779229438483,0.5755037505222964,0.6055421417051237
forcepsMajor,0.7378657686557408,0.7030046705667836,0.7265266223664092,0.649913108522435,0.7275167788110083,0.6704812600189605,0.7319451900010394,0.7124194140210993,0.6685515449042518,0.745050306672219,0.6990228720064606,0.6882404323958691,0.7286813000710163,0.6799491847449447,0.6922713208001332,0.7074415000979137,0.6797733147938672,0.7837635719585867,0.7149826443277166,0.7412796564621922,0.7070798186245892,0.6973315023775042,0.7098080276833345,0.6778048932275634,0.6890896198147839,0.7283319082801732,0.7055651075790609,0.6710442714455633,0.693105054872183,0.6650712093479992,0.7194815754646872,0.7000257535301395,0.7282281565009325,0.6581375553237824,0.731643917533953,0.6798479367105529,0.7249625204067577,0.6885672359352439,0.7075617604444631,0.6830930388194576,0.7094382780054261,0.7298454838177881,0.7061212196156674,0.7135295900973915,0.7432470449395912,0.6820148469812776,0.6465499716351123,0.6798189718487808,0.640497051748457,0.7109436216868457,0.7429608883899289
forcepsMinor,0.6348829814272089,0.5680306744581324,0.6142427435763271,0.5940773424150485,0.6373672283050047,0.5255204372861306,0.6090922226832874,0.6171134446371586,0.6128251771754208,0.6063647317063809,0.6405079865651078,0.6330485409058147,0.622794287144955,0.5910467335409588,0.6032583940170826,0.6455795356484573,0.6058723368654177,0.6237237924470789,0.6048528111942924,0.6683291349061327,0.6374224424384617,0.5872697613873281,0.5538241810035158,0.5774486240786372,0.583838895316658,0.635340942784482,0.6341905226652279,0.6030729214349208,0.5909910999567275,0.5794044328553591,0.6181664262410849,0.583114079157738,0.6198840752346415,0.6132461279571065,0.624232178143845,0.5778454214812886,0.6563431475746755,0.6254582547337845,0.5740131374703974,0.5647404025132442,0.6182534847765062,0.5863271243109798,0.5235195456949338,0.5751043802529475,0.5592383898333086,0.5434112377266536,0.5639340293227045,0.5652148876096186,0.5837359209107391,0.5954245909481535,0.6114582661010036
leftArc,0.5022149988226141,0.4774277331162651,0.5001052983920445,0.439582724631941,0.5108442171669655,0.4380354314654976,0.4870412670891661,0.525187535552831,0.42825457061313366,0.47643109489691654,0.4626182901025695,0.5130931185569712,0.5338524400265073,0.4304527695695441,0.5089518586149824,0.5304162910408959,0.4381349661801083,0.4875533197580547,0.47142678250881476,0.5195240591283711,0.4681018105491856,0.5201048190589116,0.45676603742149136,0.4434446466455372,0.4537736108843896,0.5239546375734354,0.5474876685288226,0.45238613533266536,0.48829005602449616,0.5310823830091312,0.5778950472141442,0.47735712172060996,0.49115211847063034,0.5149657630216239,0.5520477906324258,0.4374810275307988,0.5530150047771633,0.483536722936036,0.4849840071236445,0.4968295026877415,0.5105355801142349,0.4866669949168111,0.5122380063416815,0.43467699698607054,0.4631210755210928,0.4710232040891008,0.4333147805531853,0.5081434367195231,0.4424845142121797,0.40575513686022635,0.4534359274052283
leftAslant,0.5212811823994179,0.4764795628607247,0.5233830620208645,0.4982240945101052,0.5070887862653876,0.4806180876848522,0.5038574289503844,0.5104203878722192,0.4502386327041445,0.5042447955478631,0.47574627588202684,0.5174141418037644,0.48192958856422397,0.4517603428332265,0.47908261981174743,0.527780161864784,0.4520409973338483,0.5055086955007224,0.47734998590323247,0.5659456942205964,0.5317387548277983,0.47015561039272313,0.4699925002554751,0.44835224611480146,0.47744088367051374,0.5193272648406795,0.487686215235145,0.497295784810391,0.510379973585995,0.5003806237876665,0.5167975308090813,0.49765985194532636,0.5028175402483344,0.4735312642246877,0.4835993524068952,0.4514554625039658,0.5370780328566926,0.5196747621640437,0.4487671289929744,0.4875746267124274,0.5187916752278587,0.5098869074163999,0.48243818914951503,0.4967232971947394,0.46885757398528327,0.4876474490918019,0.45812996247768717,0.4641829601204985,0.46242990773153936,0.4414174390446238,0.47472913876190426
leftCST,0.619819497190189,0.5447993940975546,0.5515691785209274,0.513205037296183,0.562571244462661,0.5323476196667114,0.5534194123427232,0.5479486265992933,0.5166494846846609,0.535548629451443,0.511686062897378,0.49369839938053184,0.5398566294930376,0.5695471080149106,0.5545459497038505,0.5139778504043597,0.5181900663241871,0.5693218890263962,0.4919519981620617,0.5432414224266534,0.5710134604169308,0.539035248585887,0.4968849242835371,0.506318211538448,0.5170455422608848,0.5795537063510436,0.5862048996167553,0.5293208442358691,0.5674332668045435,0.5056335164864069,0.5800108207489166,0.4943752393879414,0.5753168881695371,0.546727997702966,0.5443870518594669,0.5170285832510305,0.5620134856443751,0.5435274013070072,0.5140969437375791,0.5191478359803627,0.5243357372800603,0.5349190154481116,0.5644402579232508,0.5375152872952246,0.506347020797384,0.5342685533545257,0.49451971969274844,0.5330429870464873,0.5119519000905542,0.5026077955244799,0.5159699736728403
leftIFOF,0.6486885951616173,0.5504034287149953,0.5961436559481699,0.5388039252516942,0.5861315755129058,0.5527034220512376,0.5837714998787991,0.5800677369862814,0.5554730944058457,0.575036201848961,0.6119310932180219,0.5733903537361698,0.5946047496852008,0.5637176553221515,0.5717797725249821,0.5999419843146858,0.551734957749672,0.5745508718172367,0.5240683295109918,0.602615922310311,0.5597787007230359,0.5636052165354589,0.5495614658641818,0.5089052001632157,0.55906200073115,0.5998546822636064,0.6049609936350604,0.5628583666739841,0.5785605053222971,0.5487798927091071,0.5893081404710355,0.5624814732889483,0.6239069589656266,0.5789712018028004,0.5832993819590094,0.5625571198990421,0.6288789302819039,0.6088136313925329,0.5482890110980083,0.5743037919199272,0.5992074613011998,0.5805632931940579,0.5101051124813076,0.5378478783622525,0.548568272889009,0.5438812156896106,0.5098476651298682,0.564489925183868,0.5522466970548611,0.5286487359854999,0.5415803630707059
leftILF,0.6212944949384277,0.5436180890373974,0.5671273891727072,0.5174548906287856,0.5477585422350396,0.506661402951765,0.5535616171584284,0.5764717672318697,0.540782656894715,0.5487521568622326,0.5643576104711279,0.5598439724777159,0.57390358620662,0.5332551143205307,0.5215320786546548,0.5814689647666067,0.5391466201021594,0.5690210372918703,0.535751212855053,0.567773915872318,0.5314641354691478,0.5545951896020337,0.5092084554014902,0.4951611586510988,0.5515063484778655,0.5707604563547809,0.5881989954127391,0.5459388639229307,0.5472484960363964,0.5253440294128543,0.5985948449831829,0.5230606845368062,0.5727962953266954,0.5420478941266292,0.561603241851025,0.5185405542983949,0.6190256337518139,0.5803802723015583,0.5311778125105662,0.5375347023991621,0.5526941343363478,0.5525561591309534,0.503419060032072,0.5144163762886415,0.5263044761920239,0.5156124222667985,0.5138313660613221,0.5576533860667557,0.5334592858462239,0.5103280684543725,0.5444377275284744
leftMDLFang,0.5613656677231406,0.5101916650595761,0.4770168631016404,0.44881280414416896,0.4869398298902934,0.47127509322416977,0.4968975680652427,0.546665139657194,0.4856055203335889,0.49289680532280417,0.49146102372313416,0.5163768591257505,0.5177547747013762,0.4592693575391764,0.450677092890552,0.5441831536625058,0.4831503357515162,0.508094010332475,0.49286498247342847,0.513026282471889,0.5163166607738294,0.508807943339647,0.45865265603601435,0.45405242294295345,0.48493642002836,0.5358047435013249,0.4936704055652831,0.4729221267918907,0.4857033767773141,0.4714895327348909,0.5391226501583506,0.46397250147433666,0.5049441931304252,0.49462877394006366,0.5029279415846859,0.46536188323508626,0.5402616992596612,0.5162260613089379,0.4904112959315496,0.47448601941783064,0.45143470862513346,0.5149352388627663,0.4741903472194619,0.4390735841019735,0.4310424231516647,0.44483312118453877,0.4306717899880443,0.4845706801910389,0.48611841974239445,0.47076494235913335,0.5038187880014083
leftMDLFspl,0.5468759015423934,0.5029700718948126,0.4878370168084751,0.45324192977102495,0.4831293897177972,0.5074976806143735,0.49689078030418604,0.5316109088805936,0.4796684560775086,0.5045599966204215,0.5082074503702609,0.5186636993737677,0.5110768190567001,0.46819237501408983,0.4603571542322885,0.5446393594566515,0.470589833593755,0.5160009391369195,0.5082827015241368,0.5262338609316148,0.5019665497897677,0.5070023418092087,0.4829603654016819,0.44051798323092595,0.48659353863167987,0.5337110534531814,0.5125995183027444,0.4827178764008143,0.4851273438927626,0.4828943411036077,0.5227740982706195,0.45801020531455094,0.502432516308307,0.4755605740171484,0.4974771010971698,0.4526508464380933,0.5526855754637313,0.5063533521737633,0.4829772227353094,0.5095956008511671,0.48247056440652053,0.524634421839901,0.48977108524125634,0.44944891374462437,0.47079852507631725,0.4586928258344341,0.4769169461934573,0.5054182997400449,0.45822191594460204,0.4735389959377527,0.4974928912497541
leftSLF1And2,0.4801150738863086,0.4419551854412932,0.48262888687689304,0.4450521277083893,0.4690068639563997,0.44826791388686765,0.44068335220118193,0.503321472931351,0.45246060242101027,0.4559175803455786,0.46318298620150566,0.45024668520426275,0.48518938936723427,0.43780177121133235,0.4506391270123483,0.4548833992778629,0.4486959700803532,0.48254649728816146,0.4396387972528327,0.5261119702603725,0.4964340409448965,0.47970880336269095,0.4491247005973471,0.4190875222059073,0.41846946977182353,0.4718454819793796,0.45800880487048323,0.41391834883486556,0.4662930375732846,0.4589296437258235,0.49705947403226414,0.42041287587061654,0.47094690644124465,0.49146944034780676,0.4800815037354306,0.4307688600867469,0.5045492934634335,0.4870728141864123,0.4403314072870768,0.4587356487850719,0.45497353367068777,0.4811955524699069,0.4331893716254692,0.40801604303049144,0.42941392620358954,0.451575841366311,0.40531698173415764,0.4825746410718182,0.45368624369872973,0.4181047038901825,0.45655844392212924
leftSLF3,0.4901870569183749,0.46115089050837393,0.49188778530798505,0.4169432337523175,0.5072887053998462,0.452905073834269,0.4709241122579493,0.4706108514558219,0.44383787354141174,0.46499596088872713,0.4796786755850838,0.4742911696855178,0.5114303367293045,0.4462116812351167,0.4803676131544178,0.47951315538709355,0.4473024874722894,0.5313502375542069,0.4697370734637124,0.48063235085063544,0.5107099178581274,0.4724282665852617,0.4486967061949166,0.4412853849649677,0.4704642867748906,0.5329628299355508,0.5256893819408828,0.4467960924367819,0.4845679672865423,0.4938163846195793,0.5328716982215806,0.46858436431769307,0.4871967300227002,0.4950393110442737,0.5108955368522776,0.41293492679337274,0.48512782927228726,0.4713442475382725,0.4677291160947357,0.44446783349243313,0.5019658490851132,0.4885934998907029,0.45210019285147096,0.4231019664477035,0.45469140033630406,0.48050836975774824,0.4585084964590499,0.4829249859980925,0.4285943486717977,0.44413112372070174,0.4867431120677307
leftTPC,0.5004352733856828,0.4646144962214799,0.46810443221721815,0.42779745324258317,0.4832404694202731,0.49955214092370487,0.47810374517446597,0.5056516002934481,0.4249122235497861,0.4847428509263497,0.4722962944161965,0.49699819839894666,0.4812244338016285,0.4482988013804811,0.42228877895982936,0.5082805820670706,0.42921518870980585,0.49445307527164817,0.49050453532957994,0.4727245309374359,0.46888563281467566,0.4706661525762539,0.45378714476209703,0.41912900827980115,0.4528478468310658,0.5055779783728711,0.49375401676555714,0.4334287684564438,0.470720056314482,0.452828851395808,0.5086511198563787,0.44591753718961546,0.48501767219992475,0.43850662696553905,0.4715871243299631,0.4279229113006787,0.5230730129907372,0.46403124247131605,0.44187156083688023,0.5032438487158488,0.4720048580764117,0.47551378604587724,0.4964759290392323,0.4439685941115171,0.4328684208331202,0.4457737964401103,0.44685716647938944,0.4660780640595263,0.41326217239066265,0.4399022166122381,0.48443774249800076
leftUncinate,0.5177046411653856,0.4658622390558761,0.4830039578556685,0.4312480164704445,0.4940740010060057,0.44800921076413786,0.5142437125742977,0.4672142115788554,0.41699790481588683,0.4558174636691172,0.4872715491004646,0.44788003727656367,0.5356367225607934,0.4793876327538307,0.5222551768506868,0.4724629640007449,0.45773742550876345,0.5379383785186876,0.5046777027436862,0.5265579467136695,0.4806164198824662,0.46140707892763855,0.447649941265959,0.46395349096090943,0.4524535756011584,0.5027672946541855,0.47675232462530437,0.5211103831490093,0.4950794743212324,0.4504934523219923,0.48912007765532073,0.4436262662122754,0.5150058105992095,0.5009777498361758,0.5131095398901199,0.4200413101093584,0.5173575303205601,0.5142779212823333,0.448381144503647,0.46034745851745906,0.4878231193135041,0.49737029074614314,0.433107071765912,0.4609150927710327,0.43686155683645794,0.4485492815907105,0.436736202834698,0.47001085286954447,0.4401121973549057,0.43401967697274235,0.4859218535452011
leftVOF,0.48414602460673367,0.41146502882176367,0.3978227165044439,0.35093478208992085,0.4451831883626288,0.3604380218935321,0.40293835239584447,0.4471773132010677,0.36322160797184777,0.48965082128913534,0.4084032664856035,0.4018255588401206,0.4713448963734551,0.38095927337702357,0.39433484458438994,0.38562264875374247,0.38781074579679725,0.43872061787549843,0.38460304246917487,0.41899440975409946,0.427566324246187,0.4112073457935502,0.4079072938108908,0.36868373449466574,0.38681110900271576,0.42100771450546254,0.3760854760287627,0.37938481437968286,0.4254101921648171,0.43669526964524125,0.3971467606540092,0.40401652400999133,0.4698573554440711,0.40536761869519766,0.4680688534083659,0.3780141629480985,0.4446881157911009,0.4076011906719881,0.4374263434764133,0.4322739392626705,0.40236372572639956,0.3783507448028825,0.4507353477100361,0.374723116422511,0.3971388524835208,0.45943917803359724,0.37531371807609915,0.4092549487243901,0.3762502218317728,0.4045166218817845,0.404230913436541
leftbaum,0.576981717386133,0.5019470857625241,0.50483421429761,0.4587430648448347,0.526270803716699,0.5199208612598856,0.4693566655199518,0.5381040078226291,0.4707976433454701,0.4888040854239333,0.498496518664233,0.4629406062438105,0.5662933729627773,0.4509723485189327,0.5027644110528924,0.4679517678085413,0.45896288435424476,0.5361151203848038,0.48372442211764477,0.5607543701642974,0.4783539793880512,0.4863606107541071,0.5074362566410893,0.4552349600620661,0.5071660098622875,0.5023231381366224,0.5040707050174209,0.5107245952052302,0.5201053745622123,0.5157790359631297,0.5552750110254288,0.4361159544085512,0.5220214517316905,0.533913567066856,0.5186425635498628,0.5143448664509858,0.5555036784650147,0.5231148218205426,0.5268481389941078,0.5035364224358646,0.50499818979521,0.4751952409280652,0.47151813295338785,0.467919804944675,0.5173776145278389,0.5145658789024214,0.5076265539860011,0.5539818586831132,0.4498710211078311,0.4649898550013309,0.5019967925369564
leftcingulum,0.5473254063214178,0.5249551321607817,0.5810557112088431,0.5071926651585564,0.5668247009602239,0.5183832305120171,0.4933346490187325,0.5487478533628647,0.5414387904552143,0.4893693366349151,0.48242447613381645,0.5006440081016263,0.5648529149105519,0.5251090373085892,0.5230879370603532,0.5169810091847082,0.5127117289348061,0.5576029673775207,0.5084871628846361,0.5681373950521517,0.5738014571328474,0.5771562739851019,0.47051366349216,0.4874145603382474,0.5031443586651325,0.5705632703742942,0.5175554561376252,0.5060561548579691,0.5530915318371421,0.49828183576594187,0.5549586696720997,0.504254577843231,0.5258210681480897,0.5372055995107968,0.5809248256647841,0.47061627458921207,0.6300843052192677,0.5430660274755761,0.5300943383645058,0.5318522606962388,0.5152236086077049,0.4908100592077328,0.5139760463254135,0.4834638534565558,0.5285384017209337,0.5180204784390414,0.42132793982696704,0.5294984544351412,0.5593483723359876,0.4807733039117368,0.5145675247247323
leftfrontoThalamic,0.5347494251515842,0.47338657973573744,0.4485208682982229,0.4532937224841448,0.5321389889981828,0.4703200990143289,0.41620667720665194,0.46610536302917804,0.4875469730422165,0.4789655852514116,0.4920268993755842,0.48022750246161616,0.46071940218005086,0.4362448369610464,0.5150672523763384,0.5037719027137816,0.4911087283796438,0.5274656079992298,0.5194792484916007,0.508676888061932,0.5041437035967433,0.4428303848490868,0.43462999508957567,0.44267572112716086,0.4450935362763799,0.5110992536353878,0.47479335385549337,0.5234998701992083,0.47925244449623,0.4476083268886458,0.4843403980366703,0.45742524261146267,0.5202609326399434,0.4668520820520358,0.47635676295257506,0.4406379406556897,0.5044092553605013,0.5125155821444136,0.4193278007588216,0.46512066136607944,0.45145709395437644,0.47124255123103564,0.44516694320070044,0.46801833623387257,0.43463543907023566,0.44493096861322845,0.4644777201895267,0.5043427760153116,0.4823371862107056,0.4466416741268393,0.46837237984723645
leftmeyer,0.6036019382728003,0.5232946991871579,0.5532853484061828,0.506632186388712,0.5434808243918364,0.5320102573826321,0.5180499069046809,0.5613933621501869,0.48799409901848756,0.5441547013269181,0.5472776913419215,0.5529751310987805,0.58884395339642,0.5225579875125022,0.5683335709815004,0.5675868330998625,0.4941855408980963,0.5715024066299166,0.5467406996044485,0.5642896941801497,0.5160867557230945,0.5438591128882062,0.514312989019959,0.506145811816894,0.5396909755593425,0.5394780488639841,0.5911886457032529,0.5579252820644951,0.5711976199982709,0.5234968075268656,0.5582211050122992,0.522952876587241,0.5930744431676087,0.5625210414659143,0.5738389146965073,0.5521916789351093,0.6100209612179232,0.5472841044494636,0.5474815875115369,0.5286799936951149,0.5470843552193103,0.5510770835780235,0.5133134948704972,0.5169004006485546,0.5499604204787385,0.5611453643312269,0.5364148163081517,0.5599982379314274,0.48479884220290065,0.49740847911710856,0.5488779494339003
leftmotorThalamic,0.5801711888955148,0.4971044817904122,0.5006284552529244,0.4745336021289276,0.5131799253658788,0.4930140116651297,0.5049638923455196,0.5343602247518281,0.4743744661154789,0.490935675083655,0.5097061381991304,0.47256997950741386,0.5021940878922319,0.536537300936096,0.4980766067290688,0.4889449959000025,0.47445675086646777,0.5026201069135856,0.45418313878460354,0.5448729220613948,0.5581624535798256,0.4945850910636399,0.46257506478719845,0.43822957822925873,0.4744952580399807,0.5370883523830918,0.5095140066166481,0.48979797070729836,0.5198656295487483,0.49945240357477527,0.5500446467112813,0.46473630313455744,0.5210978604808442,0.5093943807982146,0.5039280648132607,0.46502330008779696,0.5174470318160965,0.5141977980361377,0.434274151007493,0.48916576234397546,0.4806874618237,0.5138735539854615,0.5105849446096236,0.4791866356561603,0.4555975175050734,0.482806378533824,0.43957137614502917,0.5033184567997573,0.47439507518616597,0.4508283748882752,0.48627436684489417
leftpArc,0.5261730360150836,0.4930638515587769,0.4862833028530466,0.4594710100926293,0.4978094789314243,0.4888496120966713,0.5166173052970964,0.5521485407778997,0.44383150226525964,0.5032950206547908,0.4690314243121363,0.5282018251984792,0.5139025572609893,0.4840498494479508,0.4632939811151072,0.5376870901017863,0.44735105055025304,0.5372028857807247,0.49756467034506785,0.5088694844781736,0.521861492686695,0.5035053254826802,0.4469718523668392,0.4653694706182968,0.48832188959483525,0.5222952219557953,0.49407185049237734,0.4443958214366643,0.5062065955019405,0.46344903266069587,0.5450288429583172,0.4713895638506197,0.4998375610651486,0.48302693373695094,0.5062085573990245,0.4846545877217026,0.5161545150358349,0.5075160354460457,0.4865405381884913,0.5169519064861119,0.5432671249697337,0.4987810486652231,0.51738830657443,0.46560632254210066,0.43525293076407257,0.45437855182346293,0.48434240517896116,0.464871733037575,0.442276686514991,0.43972590156685787,0.4973155788622707
leftparietoThalamic,0.5460528835076062,0.48606264802117866,0.4717070480522415,0.441780877319465,0.47278212212888765,0.49817509925694636,0.46639032753311643,0.5073740705395645,0.4358286685973334,0.4680066644909891,0.4465867518886095,0.4544212516317915,0.5025365292970995,0.4762399685513727,0.46026979954777075,0.4747765543490048,0.43475099713441895,0.4915835324479523,0.4397174316997326,0.5115126008229669,0.499810359327389,0.4757269132954402,0.4582052518216627,0.4157013196081816,0.4594260782508076,0.48391977825699006,0.4681143594825654,0.475473649321836,0.46951785283326897,0.4405041089203986,0.5011121790110288,0.40608430060419376,0.47486100607742115,0.48255117378971757,0.49972684507941806,0.438797010567609,0.5213267340446056,0.4898030864120577,0.4818583032530279,0.4766674089977484,0.4621781567751291,0.48903837095862573,0.49842672242555086,0.4546689012941993,0.48364067116672665,0.47086754941683095,0.45591963409527975,0.48839060278704,0.42370247930131893,0.4245722974291734,0.4786440353009563
leftspinoThalamic,0.5071393812201934,0.4434300949185241,0.4885230232552754,0.43622780243316883,0.5143078944762606,0.4076148568278315,0.45545444948131164,0.4534236708670652,0.3977540375521684,0.43913886391444307,0.4359277862507736,0.41059872046999113,0.44431542711038324,0.4612973173356646,0.46328099518990945,0.42246081307035277,0.39282983632458957,0.4873788856340403,0.44402147936831293,0.4712753088384624,0.46354801173781013,0.4112838837793876,0.40417687354475584,0.4439995488028517,0.45012800013348453,0.5043022525903856,0.5472593805089645,0.41444361160629706,0.4904960940544501,0.42900200658029614,0.47369888488039713,0.40969746710544863,0.46846578889549984,0.4536156067891833,0.4587620307381804,0.4324710369299966,0.452637065084327,0.47166522600336513,0.4349199339537626,0.42617848242066475,0.4550030838291607,0.4269386311476352,0.43225618781996644,0.4671597867765109,0.5344721110650881,0.5199871641615963,0.39863855107718127,0.4111470076378755,0.40634074333040876,0.43276576826591684,0.42597225060500926
lefttemporoThalamic,0.5738628933486386,0.4534654584321487,0.5219905099744937,0.5001156383406029,0.4555465902362643,0.5059364301993006,0.4900795506910593,0.4917379187011159,0.4891966148967832,0.44959390889877665,0.4500235371649498,0.5017008704887169,0.5250654234566896,0.5083077833279583,0.5287612946834671,0.513846979079972,0.4910919754181126,0.493753511872226,0.5239150927989494,0.5606551970126554,0.5450472093404867,0.49940156795742424,0.47440969509871966,0.4656592862924452,0.489780881873535,0.559114026645011,0.5534064423883172,0.5087437857092851,0.5265256749744834,0.4592201500003134,0.5225229708219892,0.5173197248785388,0.4991502240215554,0.533976130243657,0.5097423956300717,0.5022839649877563,0.5327134900304872,0.5191398410158858,0.5061487510348315,0.5097009935799378,0.5401688462370726,0.49349855345743554,0.46647291548734254,0.49580071299032663,0.49254829242205067,0.4893002397532945,0.4446049731250364,0.4934759173379978,0.47671275067858465,0.4483061480549845,0.4838061328788279
middleFrontalCC,0.6696651815476773,0.5876092006278817,0.6658003108907048,0.5964088941010349,0.6682978561841113,0.6104719218745229,0.6438577033767288,0.6230601440164671,0.5896923834785033,0.6115456042432162,0.6460405469405376,0.6167932356896207,0.6590558408856169,0.6107512784469121,0.6323365852648481,0.6205263228407509,0.6069851928739142,0.6285485485151331,0.5857657298942393,0.7076984124667269,0.6912415808350636,0.5665994156927434,0.60853780097375,0.5857722641079348,0.6079989788679933,0.701031225549796,0.6568817487087312,0.628107472808688,0.6380530685020086,0.6512751778546422,0.6360848633777441,0.605203375565196,0.6544068538424346,0.6413159068638269,0.6595235002613458,0.603473537684952,0.6478672475843658,0.6578635889006285,0.6141329147654547,0.6099218098611566,0.6311578611318401,0.6331937745781804,0.6326202298226201,0.6308901675758547,0.5995906032815361,0.644389089632484,0.5702029766525232,0.6163288583016001,0.5517191073110711,0.5687397023082091,0.6031850203145297
parietalCC,0.6566422894584719,0.6049485002542216,0.6484041992991856,0.5605710584262852,0.6346506760454846,0.6045107609553487,0.6297410561414897,0.638491080378951,0.5836000360178624,0.6366172897082778,0.6494452017655068,0.621281000110197,0.6605868531859291,0.5906851353320471,0.6230855957051326,0.6362886045079025,0.5829056089033396,0.6918827344278011,0.6036256399913331,0.6781370893798604,0.6354054686863498,0.6323025089284358,0.6116736579547547,0.5991338698241429,0.5992407744888127,0.6385444926229692,0.6014025164011668,0.5950962433979285,0.6138724521732047,0.5959594499402809,0.6510135263338704,0.6003111743192828,0.6496283953699509,0.5951620675272425,0.656739860804971,0.6117428009380834,0.6687795176270508,0.6255845378517455,0.6206667641100292,0.6330031378185701,0.6045345338641618,0.6641243691477854,0.6303230135915305,0.6178336290885273,0.5972498520261924,0.6195936149316805,0.5416241092304522,0.5556077399635029,0.5800998767586009,0.5942615092993144,0.6675855296374358
rightArc,0.5079837541393981,0.4299781018700831,0.4662885359052269,0.4338544855742624,0.473536028686505,0.4126215128304339,0.4302115499034655,0.5002747945152163,0.4123766880067238,0.45825798086390124,0.4634449494218874,0.5027378100583122,0.506883613222747,0.4480732272429882,0.41826521327740185,0.5219765571458207,0.4331195421638279,0.5089397741191714,0.44426184180322253,0.5210223852833608,0.4552497973505458,0.44788104560836617,0.4371409186467002,0.3837814160366323,0.453002280149152,0.48870179138688086,0.46175919588285363,0.4228869418744622,0.508134342528396,0.41379022438082896,0.4860355481739392,0.4641461112875783,0.48041711695466943,0.4652315712776738,0.5052695076518882,0.4148370025399906,0.509342402369729,0.4689290156303275,0.4523905320873152,0.4247428298316329,0.4594829284548075,0.4584600219044071,0.4620656991015507,0.38555706033723913,0.4408858436824926,0.4757147815070673,0.4647612744211235,0.44485554181242337,0.4204943457938546,0.3695728152091751,0.46623275922176444
rightAslant,0.476816899004182,0.4695504208989744,0.47349908426921383,0.4796827348349077,0.492879705325967,0.4626202523472661,0.4680322197740626,0.48810623961510247,0.4499560792304872,0.47963598483064507,0.47131129086172335,0.47581672619295656,0.5069275277343356,0.4546631534743092,0.41511247210201985,0.4978052893736512,0.4471608972284913,0.45106280568489093,0.45812698532496265,0.49652853997986074,0.4714055627320863,0.4405731338332455,0.4596428283453119,0.43955162065624764,0.46205164111099795,0.5202192071941613,0.49654052528938636,0.5062168639408111,0.4952062619412677,0.46718842003565736,0.4858103643720124,0.4993534960120888,0.4865966295755754,0.46361193204752593,0.49862838057940084,0.4423727329975072,0.5179449451358333,0.5240218912127002,0.4690679953545048,0.45914542343659254,0.46297002395540005,0.45775356574467924,0.4740710641037086,0.4576849735210522,0.45237922214733145,0.4567224465479215,0.4412011722745479,0.442515645546025,0.4469437075691401,0.44462995810011535,0.43302771250086947
rightCST,0.5845769332425548,0.5176041053804503,0.5514232004533729,0.5003119725321714,0.561572107258785,0.5305956605878157,0.5240062833408943,0.5514339117736282,0.5293007736799773,0.5392833781350366,0.5180915729644237,0.47922743938699436,0.5219866094908266,0.5496837263641214,0.5183652704295268,0.4874381600278431,0.5346408804440681,0.5677554205293129,0.5003245561615661,0.537365241965173,0.5641594341461156,0.5186555625523088,0.5037386315647899,0.48948750023705656,0.5185181249160952,0.568915329735656,0.5657427844939694,0.5168740126306309,0.5338764412780213,0.4808872109509249,0.5593732048967037,0.5021902817234368,0.5546762085018275,0.5343661378277247,0.5226275796231619,0.4919829132786891,0.5575996466741872,0.5272670021556934,0.5115891734048288,0.5132431496352596,0.5324421889096536,0.5113181820226272,0.536272563684133,0.5223182549667692,0.4650775176682525,0.52251757368076,0.49872801365347746,0.5391232882469683,0.515623863415652,0.5083591271102476,0.5331027535835828
rightIFOF,0.6359599628172408,0.5385389678862543,0.5698276159633744,0.5031385077474949,0.5677906727225939,0.5210500969270631,0.5789136834691947,0.5636988236027064,0.537228019958497,0.5340902972397715,0.6296916763166946,0.5717655286232222,0.5890894813821638,0.5564372005327078,0.5581863871201742,0.5760152041335511,0.513223295422329,0.5623533479481992,0.5426446273934267,0.5714968539747711,0.5470291919337761,0.558161297167911,0.5494962280799709,0.5303362825457187,0.5494594854965937,0.5438530899683184,0.5712823251376432,0.5453183255405655,0.5636208075070518,0.5383893695156258,0.5557968664185734,0.5313318000353553,0.6072114205810507,0.5381552488173033,0.5969312237544528,0.5258256752312715,0.6154948686687653,0.5685261364015256,0.5439019101174779,0.5587406482853046,0.573355698304066,0.5504960218139444,0.4958691451748666,0.5479782246451734,0.534342673875501,0.531727687151442,0.537699521013,0.5771507973608652,0.5230868279590977,0.5192509713505523,0.5206003544286673
rightILF,0.6259664839465848,0.510731805521003,0.5381662843477637,0.482685102777315,0.5611318599457523,0.5066804215733771,0.5269882580909109,0.5591915379291477,0.5075863156485466,0.5234166693543332,0.6015310047968633,0.5581568984872064,0.5817548818304925,0.5560846759612713,0.5086348544985712,0.5644521354456894,0.49639046842256684,0.5596975212674042,0.5317962409542445,0.5552925524251027,0.5170191466286334,0.5532451734608196,0.5046392714323304,0.5082273029311938,0.542570397729383,0.5415366129280406,0.5593273157896486,0.5142106104932008,0.5193086006429565,0.5229437263950645,0.5728636731192446,0.5133912527582024,0.5765310735533012,0.49143750883943527,0.572051451118889,0.5064705880618857,0.5959769350855961,0.5503956872268361,0.5247626934557137,0.5185485269641014,0.5480320859144477,0.5410095103479448,0.48671384993136924,0.5081835557896857,0.5279945106347063,0.4898416061785015,0.5059542994310864,0.5532276504729189,0.49824913004156113,0.4897227052810799,0.5116893211370284
rightMDLFang,0.5430467944151889,0.44192697143171084,0.463274522606695,0.42572840516539384,0.4515907456167369,0.47286301858927626,0.4638064271064584,0.4995395635790831,0.4455739404904867,0.4695246740552073,0.5192104884436131,0.5024721891679802,0.5044317134960649,0.4644652377091706,0.4720336854162305,0.5182155662100428,0.42762682358706955,0.47531933833360507,0.49288883025314634,0.5307232651956595,0.49223926800506446,0.5041693449773321,0.39959300759813055,0.43000104174180853,0.4977253041092949,0.49971812091425794,0.4541357405220231,0.44997883406407374,0.4592287780064793,0.4510034242656043,0.5023871953592893,0.4578013577024982,0.5248031957504884,0.4406842966333396,0.4875991244938637,0.42729576242807044,0.5020832409165044,0.4965331995477504,0.45887865759828844,0.4661841419862963,0.4569791374797675,0.47093948112695905,0.45004978113956823,0.42986805114226456,0.44369203361391774,0.43635418246069974,0.4237564237595679,0.42253859666977506,0.42881399166361733,0.45299742237830876,0.4352864435757938
rightMDLFspl,0.561570143085459,0.46186220175648496,0.47649740093389414,0.430844611546222,0.4973326419753211,0.5039748406530487,0.47264025793983855,0.5192728339995616,0.467839967826224,0.4925497102572235,0.5189387811014494,0.5188499832490332,0.5219707865076642,0.4626969095639516,0.42883471139824875,0.540485341942944,0.44837047860892654,0.4904374662243572,0.5063433880521833,0.5025653475893066,0.47847247472507143,0.5042156443212671,0.48205447142293306,0.432438280370146,0.49382481759266594,0.4990662433987181,0.44864687386520413,0.4781640784038097,0.4922838367221093,0.4736033888777431,0.5379427396802664,0.48119265237512787,0.5526351126748542,0.44622045498996316,0.5043228545687101,0.4228622419501404,0.5387214047282932,0.495188750821384,0.4746745086556941,0.47976610799219765,0.4958633248809715,0.5026122533250054,0.4880154955732917,0.418965419601652,0.4868415454879296,0.4552240655172116,0.46372776285249123,0.47273757051841836,0.45531767449053395,0.4557137328338003,0.46203807323597595
rightSLF1And2,0.5045295413140461,0.46000490997033816,0.4848827424292021,0.4707245922719198,0.4524581868722956,0.4466182578422221,0.44513842880609367,0.4973086346089081,0.4731272016389636,0.47333406741514655,0.4627493764184935,0.4654568028861587,0.4883867122557765,0.4591629522799251,0.4520483873550026,0.4769814120814657,0.47699221809616665,0.48834606617229726,0.44765361363809963,0.5275092213794871,0.4683657349785181,0.4632198775130071,0.463056003058724,0.40032577645716855,0.41937625928419486,0.4733433563592027,0.4765848597407274,0.4371007139614078,0.46897625291931444,0.44687808416241503,0.4877359536907656,0.4602400287737322,0.46791363521833873,0.4731072337516934,0.48559213136154844,0.4450845054772228,0.5116344175919971,0.4890735965522361,0.45864336629984226,0.44326395788766015,0.4655481680633048,0.4500367777521186,0.44542976731664596,0.3925651226070215,0.42031212440010285,0.4392561084176482,0.4231586946347323,0.47331971572738674,0.47542385791807834,0.43395623564632346,0.4561695772499973
rightSLF3,0.5097419971063859,0.44227780871918493,0.47057221188575404,0.4293941659698043,0.4857134481543245,0.4687947811582866,0.49719323698325846,0.4785088331942653,0.44757022705321814,0.4898816851558861,0.49481986670461486,0.4639802656215625,0.46041656917631296,0.4648257385858098,0.4665831857360224,0.47373458684876324,0.4755633067482264,0.48561134227175834,0.4612714334148885,0.48516696800513487,0.4697882128957688,0.42195074292659884,0.46596760978324453,0.42390401141564854,0.45800235302771436,0.4298474530992098,0.5006267751316384,0.45436235816263865,0.4572149794361685,0.4637423042644091,0.5096086328911915,0.4893969239297319,0.4744232283810129,0.4377991038780033,0.46106397484135553,0.4195932228696492,0.4638409702308615,0.5023156635058585,0.4376767160459204,0.4675719436234223,0.4481328927189937,0.48486187231328187,0.47539031119677644,0.4400677317039401,0.46711143290748913,0.4701110943859044,0.43160946406615963,0.46901045882683556,0.4370766521465673,0.4154543821086265,0.44598743036965455
rightTPC,0.5568611590883533,0.4471155634323994,0.4760884862761673,0.4298632912903755,0.5191653843940618,0.4929784207005478,0.4677445805002266,0.5071120878475087,0.4331535719014529,0.48828772801562437,0.4942194937693765,0.5395324597253205,0.5314394734619518,0.4418396200225959,0.4578650286974512,0.5350228144378084,0.4410546573923392,0.5195217210802848,0.4721692232441354,0.496942654730284,0.5048191333417721,0.4800121498008066,0.46838888840382664,0.4135509108766101,0.46933747272435344,0.5077739175178262,0.4607230730148867,0.4389469321840448,0.49265062248712754,0.42940949617989377,0.535681589394667,0.47867367665583166,0.516220447501358,0.45838034964688734,0.5139099312884675,0.40516337934522184,0.5192816573198278,0.468149570552736,0.4704194755606488,0.467319497543848,0.4843361713180011,0.4878475412295901,0.4828616354132338,0.4363187729945042,0.444158433561917,0.4652961621767142,0.44857940903038623,0.4522406003731162,0.4294385558187595,0.4428968587045081,0.4794632383999943
rightUncinate,0.5438041685408114,0.4432651495948955,0.47792216348642136,0.4374836551461166,0.43514528042267997,0.4694432897205626,0.496078632447175,0.4370082916352458,0.4429829624334971,0.4755631241769939,0.4869368931670045,0.454485844749536,0.5402867212389972,0.4615660986322866,0.4810597656244494,0.4835440610020746,0.39755531901119545,0.5053802658653856,0.48383404395674245,0.4641084678679473,0.44245080830462713,0.4303827964882684,0.4896315121596433,0.44601808373317653,0.4630235371979968,0.4843684711443729,0.43768802963387665,0.49167827289045807,0.4131438969298601,0.4505431944996886,0.46635894033867575,0.4603529763627572,0.4876225073653087,0.4813999604526276,0.5404041744084109,0.3949287228590164,0.523763967499332,0.48589864902083707,0.48142397678744436,0.43580402611902447,0.48273112605463797,0.4170063573175497,0.45693330699789836,0.46515109894426737,0.4106797501242686,0.4252314340030294,0.4464694379090191,0.47031504168880184,0.43233342409982906,0.415014160632243,0.46510769476680425
rightVOF,0.4810163670036255,0.4342754845826965,0.4524519746367385,0.3834104328677058,0.4364979311323478,0.3660848293380251,0.452594508921247,0.45965916407707014,0.3987338182112644,0.4135750047623854,0.43015979381066644,0.48662616819741455,0.40706048505677,0.43501618041208034,0.3635307679120271,0.4943253980069648,0.4165001139036416,0.46324625156605226,0.37022804446335517,0.4407800914525234,0.4153885269506503,0.39611921934769373,0.374455599119892,0.39924137395812886,0.3432472913603952,0.4757527489218217,0.5123593410535405,0.3839639619848516,0.41020692686685073,0.4590065407538134,0.43431791643731527,0.42479561974502456,0.4727740965920816,0.4339733432013615,0.4212468852603748,0.3491298360572545,0.460147936726793,0.3913763126153769,0.3547225732347411,0.42608855683124364,0.4206356090297091,0.3806134245059144,0.4390055231206267,0.36319790508239913,0.37440188024878374,0.4463711420962094,0.35587616214288526,0.4007064818991683,0.40133501631141205,0.4107961046153085,0.4098938597539479
rightbaum,0.5662066099546721,0.47353922721546604,0.49182068774760374,0.44412062765188776,0.5134437946756647,0.503466284605536,0.47887486492546494,0.5317367581933894,0.47619913159488814,0.5325221496344908,0.5026852812410121,0.49434896283887586,0.5199152609099377,0.46115229876091074,0.4727680649166744,0.5149678335339856,0.48306978001715084,0.5488096617854359,0.500131435300442,0.5509527049572639,0.4714542880521509,0.5120344770228148,0.489269742427077,0.44290179859221945,0.49780204832842073,0.49205867505458,0.45039464523656364,0.48220891366334995,0.4888467194103299,0.49546866773449716,0.5632373610386804,0.461144242629392,0.5058331178054486,0.5252307151011781,0.4979253487058563,0.43754747697996477,0.5421615048024753,0.48653695316884427,0.49220462654562935,0.47149722459332094,0.4965423861697843,0.5104796285368912,0.4697667169120746,0.4774088969513054,0.4960647803919084,0.49320526375792567,0.46322257259670935,0.5272511906947803,0.45976334142324393,0.4680183528946419,0.4791762314287945
rightcingulum,0.5428361156647765,0.5313950121459224,0.4997262387754665,0.4971137251926213,0.4758043592656633,0.47748594974229414,0.47942066061974514,0.5329115547163387,0.5161141650839172,0.5163612238490546,0.5079112926964988,0.48020314845089607,0.5074711862750652,0.5298036459228457,0.46465502346858534,0.5195902486180257,0.49516079669250185,0.5445310587183443,0.4674999997545629,0.5841630942794713,0.5340984364426796,0.4882187344893558,0.47328206353600333,0.4593317949223142,0.45039199096157023,0.5318134423225518,0.4641486784405099,0.5198705454727977,0.5556255450624465,0.4719049795229413,0.5244225484408878,0.45887633173830744,0.5142120168641255,0.49371775438939947,0.5278994648842193,0.4751725806627527,0.5855030243388357,0.49737748221433,0.5095668718084481,0.4965532461374904,0.4929246318425712,0.485162872858225,0.5138081904500875,0.4316835998165135,0.4759270831469233,0.4923078402912334,0.4254197718552225,0.5328209140839317,0.54626586548911,0.4526479096043435,0.5047423299853404
rightfrontoThalamic,0.5436701347226978,0.4651084642690998,0.48892397777381075,0.49085308442873954,0.49761957791268474,0.46361300947394185,0.44236205078288,0.487049690539588,0.4919535813416003,0.5030019363082894,0.48138505780218155,0.4795557035032439,0.48093713790821224,0.461964069959679,0.4746456807810091,0.4858622157050781,0.49960014338147946,0.5263971227826403,0.48960400533123377,0.5434651708616587,0.5319525102639842,0.4538859644757808,0.45893073698458375,0.4540709485453823,0.42988236277199265,0.5147581135248072,0.46058857837237027,0.5101690593924425,0.43419150488307123,0.433271912559824,0.5050764795187879,0.4720099548159891,0.4945738437438595,0.4921349283038935,0.47873565427821657,0.4625111334129617,0.5184453180081803,0.5001693966144454,0.4229318630883987,0.46813938916859,0.4846919645475693,0.5028598793950685,0.4540714349871212,0.45950600961212185,0.4419378368755293,0.4735221899032414,0.4549189297308943,0.5083108153487038,0.5047680793705271,0.46041583212352044,0.5036292596189043
rightmeyer,0.6041026118614174,0.5053583890949753,0.5498530474004465,0.4856904739594291,0.5406521432170942,0.5124581099552855,0.5476800758869783,0.544672182125823,0.4849704624798525,0.5392495697307991,0.6044285760672043,0.5216361728067465,0.5869327363165022,0.5354644275050486,0.5245189418658535,0.5319455326824378,0.48944441788123233,0.5718362820892461,0.5364508922500753,0.5660230637095442,0.5256763915368814,0.5184244921115155,0.5080109928678767,0.4828061836639687,0.5328036984613737,0.522229014199516,0.5821267237662764,0.5159770175885614,0.5477695550360455,0.5263275300038878,0.5666299342219747,0.49677865073835326,0.5941589914619467,0.5568519690440266,0.5675452144129443,0.4919945423472381,0.5723836391044738,0.5236914414705445,0.5227950371707693,0.5054826043570768,0.5455568544699241,0.5459308305120939,0.47879473566850006,0.4681018258855585,0.5319580161048939,0.5222375656035692,0.530263878899004,0.5414907396014758,0.47328455418616866,0.5147430382427288,0.5070041952343062
rightmotorThalamic,0.5488670096497411,0.4586413499942162,0.5079251407846802,0.4694251637171597,0.49266380938321686,0.48239334336264,0.4867696910520838,0.5258279423869492,0.48007706371830317,0.5038587776246024,0.48926592780351597,0.46304158066405243,0.49417358424403063,0.5191634778098274,0.4783013393745657,0.47867538807880966,0.4784006191667417,0.5266858226085641,0.46557793030876987,0.5270585367422574,0.539791664233406,0.48213394989397357,0.45101888599711126,0.4297640419341108,0.47693932035481684,0.5139606951849466,0.5052539842116759,0.49953587017806944,0.511556208372503,0.4742436235552142,0.5468501909801072,0.4784778368582245,0.4960442555308614,0.49726340960671356,0.4883989407659226,0.4520517931974212,0.5139480174870903,0.5035261765849175,0.4659430681277274,0.4727556357687542,0.4842016451493339,0.48403394558424095,0.5103766071333593,0.4566502151114549,0.4383946411096332,0.4836367773804697,0.457920439412071,0.48710877785221296,0.476614962940045,0.45646819902333846,0.49805880759353993
rightpArc,0.5578329963531605,0.4662616614681248,0.525423495905686,0.4485966581146589,0.538133682439396,0.49175952203905177,0.5223828232059124,0.4898493918877129,0.4512432761400328,0.4731221968418701,0.5159334269022062,0.535820883021233,0.5451438374107955,0.4649063029868719,0.48856961164669777,0.5467522933065277,0.46821192483234475,0.5017625378278325,0.4611432782372152,0.546513421639043,0.5171340023433462,0.5119694338992875,0.4575764068176613,0.4500038942812642,0.5321735823225437,0.5480764707448171,0.5040353131854657,0.4624849526862674,0.5075354248028933,0.4294980589997343,0.5295260564770154,0.48693187441766117,0.5376174379607137,0.49345236194055336,0.5336814952648907,0.43813624498460124,0.5364351911602497,0.5006073807699531,0.4851199195991266,0.4870686342714888,0.5022926081434388,0.5060542178303998,0.4813912032037063,0.47776947329076264,0.4424126629994835,0.4791627231608519,0.47941313238494276,0.43650592103098196,0.44487686860492703,0.44067847077070094,0.4592694296013464
rightparietoThalamic,0.5117778603014449,0.45791246830626714,0.4846745486646603,0.4170031211326471,0.4516525359671066,0.47266617617944107,0.4736071875589614,0.4913397214548917,0.44127348564933994,0.4991771873537575,0.4594600216570387,0.45064668349535025,0.4933903230437663,0.46939727646959273,0.4612587794058059,0.462949242157511,0.44740606570147873,0.5084385756639505,0.44545194302738766,0.4948920326198015,0.46618949859398545,0.48081676431099246,0.4560418466310451,0.4120750641397355,0.47238445247109706,0.4562988462034938,0.46251631443389274,0.49668084692775655,0.48313576436328576,0.43804003186005813,0.4837669573995039,0.4519439156654955,0.5021584882563196,0.4704831017892916,0.47875588287613724,0.4242725470509163,0.5221311818873021,0.4875573520672032,0.47201167928298754,0.45121740217119904,0.43764784206948343,0.48427213198874763,0.5345887284860263,0.4283951192654751,0.45482857783029546,0.46047706154259993,0.4527184689594244,0.48134739375408414,0.42862872286223475,0.4329191948674377,0.47379420076948237
rightspinoThalamic,0.5009040197010202,0.40208943603121006,0.4944912204358937,0.40272124683851845,0.492443743051851,0.4229651511484863,0.43237109953044656,0.41800288060750657,0.37951432049048467,0.408698264158479,0.4146728867968664,0.3716275760906136,0.4129048258106156,0.4530799265468577,0.46059986278550424,0.38773236244279624,0.37552685788302514,0.42884455274547467,0.40735163962078547,0.46853588135551866,0.4540605336026073,0.3993422238793217,0.3825470989484364,0.4019891707952697,0.4290324335263298,0.43935242715719214,0.46628960019599575,0.3637993620526791,0.42402299044751646,0.3739472287117508,0.4553260798847507,0.3757345483855284,0.4387200415431116,0.46061486559472853,0.4027671936743074,0.3993682627428593,0.41901613088738376,0.4335874655081418,0.3991804644764786,0.398914392908761,0.450019851857519,0.4134525233654145,0.42344495855511244,0.44593715892901287,0.41977701793791555,0.504048331948443,0.35330357280220526,0.41855311872881096,0.37935331672222516,0.3999913907042073,0.414474030170154
righttemporoThalamic,0.5262714533149336,0.43170161314885425,0.4765957224620004,0.4354059211190573,0.4463534354379437,0.4895819614906768,0.4547663589824218,0.4874657446292162,0.4667703751810026,0.4532087611411503,0.4209806624377549,0.4464959344646761,0.4772468953013447,0.5025699099868629,0.4586894612697051,0.480354817302097,0.47055814281685143,0.4700504403531129,0.5067524269099548,0.4915492980957633,0.4584664682737965,0.45929618900340996,0.45541153935577505,0.44606918938731566,0.43874888453394095,0.4790197398627566,0.4588468895242047,0.47488984522942035,0.4557810551217024,0.4318784787257363,0.4971358188347586,0.44498477092187316,0.4659195079101651,0.4608590076862583,0.46651467876892416,0.47321498780703,0.4917738075120622,0.5076850263492304,0.4549064556053889,0.4811652385886022,0.4967083096896804,0.47339862807720945,0.4299649622075803,0.4065528416293279,0.47806629486815877,0.46263416933922735,0.4705652034525129,0.4990194671963108,0.4432670046993413,0.44215837195034996,0.4406973845105651
